1892.0,10304.890710382511,0.0,0.0,6217.44442291125,0.0,0.0,0.6033488949714888,0.0,0.0,140.0,0.0,0.0,38100.0,0.0,0.0,77.0,0.0,0.0,0.027642276422764227,0.0,0.0,217.0,0.0,0.0,5470.0,0.0,0.0,6150.0,0.0,0.0,nan,nan,nan,117.0,0.0,0.0,0.0,0.0,nan,343.0,0.0,0.0,9320.010922973412,0.0,0.0,364.0,0.0,0.0,3.0,0.0,0.0,6996.0,0.0,0.0,nan,nan,nan,nan,nan,nan,0.0,0.0,nan,57838.000000000095,0.0,0.0,106.0,0.0,0.0,1.0,0.0,0.0,3.0,0.0,0.0,35800.0,0.0,0.0,106.0,0.0,0.0,3.0,0.0,0.0,5.0,0.0,0.0,24000.0,0.0,0.0,89.0,0.0,0.0,8.0,0.0,0.0,7.0,0.0,0.0,15600.0,0.0,0.0
1893.0,20696.35616438356,0.0,0.0,20428.211291874668,0.0,0.0,0.98704386074635,0.0,0.0,101.0,0.0,0.0,118000.0,0.0,0.0,99.0,0.0,0.0,0.03409090909090909,0.0,0.0,200.0,0.0,0.0,7500.0,0.0,0.0,8220.0,0.0,0.0,138.0,0.0,0.0,160.0,0.0,0.0,0.0,0.0,nan,nan,nan,nan,nan,nan,nan,334.0,0.0,0.0,nan,nan,nan,11000.0,0.0,0.0,71.0,0.0,0.0,1.0,0.0,0.0,5.0,0.0,0.0,57838.000000000095,0.0,0.0,52.0,0.0,0.0,2.0,0.0,0.0,10.0,0.0,0.0,35800.0,0.0,0.0,51.5,0.0,0.0,8.0,0.0,0.0,10.0,0.0,0.0,24000.0,0.0,0.0,10.0,0.0,0.0,15.5,0.0,0.0,4.0,0.0,0.0,15600.0,0.0,0.0
1894.0,12717.643835616438,0.0,0.0,10591.129937480655,0.0,0.0,0.8327902616536274,0.0,0.0,95.0,0.0,0.0,34600.0,0.0,0.0,100.0,0.0,0.0,0.027649769585253458,0.0,0.0,195.0,0.0,0.0,5640.0,0.0,0.0,5980.0,0.0,0.0,103.0,0.0,0.0,152.0,0.0,0.0,0.0,0.0,nan,336.0,0.0,0.0,23399.956935279028,0.0,0.0,358.0,0.0,0.0,3.0,0.0,0.0,8022.000000000001,0.0,0.0,15.0,0.0,0.0,2.0,0.0,0.0,1.0,0.0,0.0,57838.000000000095,0.0,0.0,22.0,0.0,0.0,2.0,0.0,0.0,3.0,0.0,0.0,35800.0,0.0,0.0,63.0,0.0,0.0,3.5,0.0,0.0,6.0,0.0,0.0,24000.0,0.0,0.0,49.0,0.0,0.0,2.0,0.0,0.0,11.0,0.0,0.0,15600.0,0.0,0.0
1895.0,17018.383561643834,0.0,0.0,15035.198587488268,0.0,0.0,0.8834680763321561,0.0,0.0,131.0,0.0,0.0,37200.0,0.0,0.0,84.0,0.0,0.0,0.026574461759532243,0.0,0.0,215.0,0.0,0.0,5480.0,0.0,0.0,5810.0,0.0,0.0,126.0,0.0,0.0,159.0,0.0,0.0,0.0,0.0,nan,297.0,0.0,0.0,20099.851549064308,0.0,0.0,346.0,0.0,0.0,7.0,0.0,0.0,7677.0,0.0,0.0,13.0,0.0,0.0,2.0,0.0,0.0,5.0,0.0,0.0,57838.000000000095,0.0,0.0,35.0,0.0,0.0,3.0,0.0,0.0,8.0,0.0,0.0,35800.0,0.0,0.0,69.5,0.0,0.0,6.0,0.0,0.0,10.0,0.0,0.0,24000.0,0.0,0.0,352.0,0.0,0.0,3.0,0.0,0.0,7.0,0.0,0.0,15600.0,0.0,0.0
1896.0,15385.765027322404,0.0,0.0,18179.32397101577,0.0,0.0,1.1815677633664947,0.0,0.0,129.0,0.0,0.0,71700.0,0.0,0.0,67.0,0.0,0.0,0.030303030303030307,0.0,0.0,196.0,0.0,0.0,5480.0,0.0,0.0,5870.0,0.0,0.0,126.0,0.0,0.0,135.0,0.0,0.0,0.0,0.0,nan,340.0,0.0,0.0,9759.965744927049,0.0,0.0,8.0,0.0,0.0,3.0,0.0,0.0,8602.0,0.0,0.0,75.0,0.0,0.0,3.5,0.0,0.0,4.0,0.0,0.0,57838.000000000095,0.0,0.0,104.5,0.0,0.0,4.5,0.0,0.0,4.0,0.0,0.0,35800.0,0.0,0.0,99.0,0.0,0.0,5.5,0.0,0.0,6.0,0.0,0.0,24000.0,0.0,0.0,48.0,0.0,0.0,14.5,0.0,0.0,4.0,0.0,0.0,15600.0,0.0,0.0
1897.0,14105.616438356165,0.0,0.0,12479.445213597512,0.0,0.0,0.8847146289660374,0.0,0.0,115.0,0.0,0.0,28600.0,0.0,0.0,50.0,0.0,0.0,0.028330658105939,0.0,0.0,165.0,0.0,0.0,5480.0,0.0,0.0,5870.0,0.0,0.0,164.0,0.0,0.0,174.0,0.0,0.0,0.0,0.0,nan,322.0,0.0,0.0,23299.874178813592,0.0,0.0,331.0,0.0,0.0,3.0,0.0,0.0,8820.0,0.0,0.0,33.0,0.0,0.0,2.0,0.0,0.0,3.0,0.0,0.0,57838.000000000095,0.0,0.0,30.0,0.0,0.0,1.0,0.0,0.0,7.0,0.0,0.0,35800.0,0.0,0.0,51.0,0.0,0.0,3.0,0.0,0.0,11.0,0.0,0.0,24000.0,0.0,0.0,6.5,0.0,0.0,8.0,0.0,0.0,6.0,0.0,0.0,15600.0,0.0,0.0
1898.0,6850.301369863014,0.0,0.0,3192.7956002213236,0.0,0.0,0.4660810419622707,0.0,0.0,63.0,0.0,0.0,37500.0,0.0,0.0,132.0,0.0,0.0,0.033677927011260336,0.0,0.0,195.0,0.0,0.0,4550.0,0.0,0.0,4720.0,0.0,0.0,nan,nan,nan,178.0,0.0,0.0,0.0,0.0,nan,327.0,0.0,0.0,9079.943095744564,0.0,0.0,337.0,0.0,0.0,4.0,0.0,0.0,5480.0,0.0,0.0,nan,nan,nan,nan,nan,nan,0.0,0.0,nan,57838.000000000095,0.0,0.0,59.0,0.0,0.0,1.0,0.0,0.0,1.0,0.0,0.0,35800.0,0.0,0.0,49.0,0.0,0.0,1.0,0.0,0.0,2.0,0.0,0.0,24000.0,0.0,0.0,48.0,0.0,0.0,1.5,0.0,0.0,4.0,0.0,0.0,15600.0,0.0,0.0
1899.0,8022.493150684932,0.0,0.0,7825.769134808601,0.0,0.0,0.975478443897514,0.0,0.0,88.0,0.0,0.0,83400.0,0.0,0.0,107.0,0.0,0.0,0.032301480484522214,0.0,0.0,195.0,0.0,0.0,4550.0,0.0,0.0,4550.0,0.0,0.0,99.0,0.0,0.0,125.0,0.0,0.0,0.0,0.0,nan,nan,nan,nan,nan,nan,nan,7.0,0.0,0.0,nan,nan,nan,5480.0,0.0,0.0,79.0,0.0,0.0,1.5,0.0,0.0,2.0,0.0,0.0,57838.000000000095,0.0,0.0,75.0,0.0,0.0,2.0,0.0,0.0,3.0,0.0,0.0,35800.0,0.0,0.0,18.0,0.0,0.0,2.0,0.0,0.0,5.0,0.0,0.0,24000.0,0.0,0.0,47.5,0.0,0.0,4.5,0.0,0.0,4.0,0.0,0.0,15600.0,0.0,0.0
1900.0,11814.767123287671,0.0,0.0,12832.764626512364,0.0,0.0,1.0861631458836079,0.0,0.0,108.0,0.0,0.0,16700.0,0.0,0.0,83.0,0.0,0.0,0.033913368185212844,0.0,0.0,191.0,0.0,0.0,4380.0,0.0,0.0,4720.0,0.0,0.0,88.0,0.0,0.0,159.0,0.0,0.0,0.0,0.0,nan,293.0,0.0,0.0,10699.971812043288,0.0,0.0,319.0,0.0,0.0,3.0,0.0,0.0,5870.0,0.0,0.0,8.0,0.0,0.0,2.0,0.0,0.0,3.0,0.0,0.0,57838.000000000095,0.0,0.0,25.5,0.0,0.0,3.0,0.0,0.0,4.0,0.0,0.0,35800.0,0.0,0.0,19.0,0.0,0.0,2.5,0.0,0.0,6.0,0.0,0.0,24000.0,0.0,0.0,349.0,0.0,0.0,2.0,0.0,0.0,11.0,0.0,0.0,15600.0,0.0,0.0
1901.0,12207.123287671233,0.0,0.0,13044.101766798984,0.0,0.0,1.0685647600506394,0.0,0.0,60.0,0.0,0.0,63300.0,0.0,0.0,125.0,0.0,0.0,0.030495956032351737,0.0,0.0,185.0,0.0,0.0,4380.0,0.0,0.0,4900.0,0.0,0.0,147.0,0.0,0.0,215.0,0.0,0.0,0.0,0.0,nan,278.0,0.0,0.0,21499.841416325507,0.0,0.0,349.0,0.0,0.0,8.0,0.0,0.0,5870.0,0.0,0.0,4.0,0.0,0.0,1.0,0.0,0.0,3.0,0.0,0.0,57838.000000000095,0.0,0.0,26.5,0.0,0.0,2.0,0.0,0.0,4.0,0.0,0.0,35800.0,0.0,0.0,3.0,0.0,0.0,3.0,0.0,0.0,7.0,0.0,0.0,24000.0,0.0,0.0,3.0,0.0,0.0,2.0,0.0,0.0,11.0,0.0,0.0,15600.0,0.0,0.0
1902.0,15474.657534246577,0.0,0.0,22209.481529613066,0.0,0.0,1.435216351667998,0.0,0.0,59.0,0.0,0.0,151000.0,0.0,0.0,128.0,0.0,0.0,0.05028147618622107,0.0,0.0,187.0,0.0,0.0,4200.0,0.0,0.0,4880.0,0.0,0.0,111.0,0.0,0.0,123.0,0.0,0.0,0.0,0.0,nan,331.0,0.0,0.0,12899.908170201787,0.0,0.0,34.0,0.0,0.0,2.0,0.0,0.0,8360.0,0.0,0.0,53.5,0.0,0.0,3.5,0.0,0.0,4.0,0.0,0.0,57838.000000000095,0.0,0.0,38.0,0.0,0.0,3.0,0.0,0.0,5.0,0.0,0.0,35800.0,0.0,0.0,38.0,0.0,0.0,3.0,0.0,0.0,5.0,0.0,0.0,24000.0,0.0,0.0,79.0,0.0,0.0,10.0,0.0,0.0,6.0,0.0,0.0,15600.0,0.0,0.0
1903.0,13504.356164383562,0.0,0.0,14942.579976908191,0.0,0.0,1.1065007316911415,0.0,0.0,92.0,0.0,0.0,73000.0,0.0,0.0,88.0,0.0,0.0,0.03091060985797828,0.0,0.0,180.0,0.0,0.0,4090.0,0.0,0.0,4880.0,0.0,0.0,105.0,0.0,0.0,223.0,0.0,0.0,0.0,0.0,nan,297.0,0.0,0.0,11199.965986961044,0.0,0.0,309.0,0.0,0.0,3.0,0.0,0.0,6610.0,0.0,0.0,55.0,0.0,0.0,2.0,0.0,0.0,4.0,0.0,0.0,57838.000000000095,0.0,0.0,33.5,0.0,0.0,3.0,0.0,0.0,6.0,0.0,0.0,35800.0,0.0,0.0,22.0,0.0,0.0,4.0,0.0,0.0,7.0,0.0,0.0,24000.0,0.0,0.0,22.0,0.0,0.0,9.0,0.0,0.0,7.0,0.0,0.0,15600.0,0.0,0.0
1904.0,22177.32240437158,0.0,0.0,25947.75750631329,0.0,0.0,1.1700130896414476,0.0,0.0,114.0,0.0,0.0,43900.0,0.0,0.0,67.0,0.0,0.0,0.02486749116607774,0.0,0.0,181.0,0.0,0.0,5350.0,0.0,0.0,7710.0,0.0,0.0,104.0,0.0,0.0,184.0,0.0,0.0,0.0,0.0,nan,284.0,0.0,0.0,6879.983700045726,0.0,0.0,37.0,0.0,0.0,0.0,0.0,nan,10900.0,0.0,0.0,60.0,0.0,0.0,3.0,0.0,0.0,9.0,0.0,0.0,57838.000000000095,0.0,0.0,54.5,0.0,0.0,4.0,0.0,0.0,6.0,0.0,0.0,35800.0,0.0,0.0,3.5,0.0,0.0,1.5,0.0,0.0,6.0,0.0,0.0,24000.0,0.0,0.0,354.0,0.0,0.0,2.0,0.0,0.0,7.0,0.0,0.0,15600.0,0.0,0.0
1905.0,14623.232876712329,0.0,0.0,13617.201931844065,0.0,0.0,0.9312032466862796,0.0,0.0,93.0,0.0,0.0,71600.0,0.0,0.0,98.0,0.0,0.0,0.03571428571428571,0.0,0.0,191.0,0.0,0.0,4760.0,0.0,0.0,5110.0,0.0,0.0,nan,nan,nan,189.0,0.0,0.0,0.0,0.0,nan,285.0,0.0,0.0,45299.82955815066,0.0,0.0,365.0,0.0,0.0,5.0,0.0,0.0,7570.0,0.0,0.0,48.5,0.0,0.0,1.0,0.0,0.0,6.0,0.0,0.0,57838.000000000095,0.0,0.0,34.0,0.0,0.0,3.0,0.0,0.0,9.0,0.0,0.0,35800.0,0.0,0.0,33.5,0.0,0.0,6.0,0.0,0.0,6.0,0.0,0.0,24000.0,0.0,0.0,43.5,0.0,0.0,5.5,0.0,0.0,8.0,0.0,0.0,15600.0,0.0,0.0
1906.0,15344.95890410959,0.0,0.0,16471.043177481974,0.0,0.0,1.073384639242716,0.0,0.0,122.0,0.0,0.0,21400.0,0.0,0.0,90.0,0.0,0.0,0.03614457831325301,0.0,0.0,212.0,0.0,0.0,5590.0,0.0,0.0,5840.0,0.0,0.0,98.0,0.0,0.0,150.0,0.0,0.0,0.0,0.0,nan,nan,nan,nan,nan,nan,nan,13.0,0.0,0.0,nan,nan,nan,8600.0,0.0,0.0,71.0,0.0,0.0,2.0,0.0,0.0,5.0,0.0,0.0,57838.000000000095,0.0,0.0,61.5,0.0,0.0,3.0,0.0,0.0,8.0,0.0,0.0,35800.0,0.0,0.0,71.0,0.0,0.0,5.0,0.0,0.0,7.0,0.0,0.0,24000.0,0.0,0.0,96.0,0.0,0.0,18.0,0.0,0.0,4.0,0.0,0.0,15600.0,0.0,0.0
1907.0,18853.890410958902,0.0,0.0,22860.281046440283,0.0,0.0,1.2124967605175343,0.0,0.0,101.0,0.0,0.0,48000.0,0.0,0.0,110.0,0.0,0.0,0.03139013452914798,0.0,0.0,211.0,0.0,0.0,5590.0,0.0,0.0,6090.0,0.0,0.0,131.0,0.0,0.0,144.0,0.0,0.0,0.0,0.0,nan,309.0,0.0,0.0,10399.965313710916,0.0,0.0,361.0,0.0,0.0,3.0,0.0,0.0,8060.0,0.0,0.0,40.5,0.0,0.0,4.0,0.0,0.0,4.0,0.0,0.0,57838.000000000095,0.0,0.0,48.5,0.0,0.0,2.0,0.0,0.0,6.0,0.0,0.0,35800.0,0.0,0.0,46.0,0.0,0.0,6.0,0.0,0.0,8.0,0.0,0.0,24000.0,0.0,0.0,71.0,0.0,0.0,6.0,0.0,0.0,6.0,0.0,0.0,15600.0,0.0,0.0
1908.0,10680.437158469946,0.0,0.0,8349.87381372122,0.0,0.0,0.7817913901679098,0.0,0.0,81.0,0.0,0.0,17400.0,0.0,0.0,124.0,0.0,0.0,0.03354297693920336,0.0,0.0,205.0,0.0,0.0,4650.0,0.0,0.0,5110.0,0.0,0.0,84.0,0.0,0.0,164.0,0.0,0.0,0.0,0.0,nan,341.0,0.0,0.0,11899.967688966817,0.0,0.0,354.0,0.0,0.0,5.0,0.0,0.0,6350.0,0.0,0.0,40.0,0.0,0.0,1.0,0.0,0.0,1.0,0.0,0.0,57838.000000000095,0.0,0.0,24.0,0.0,0.0,1.0,0.0,0.0,7.0,0.0,0.0,35800.0,0.0,0.0,19.0,0.0,0.0,2.0,0.0,0.0,8.0,0.0,0.0,24000.0,0.0,0.0,18.0,0.0,0.0,4.0,0.0,0.0,9.0,0.0,0.0,15600.0,0.0,0.0
1909.0,19743.616438356166,0.0,0.0,28164.161732589444,0.0,0.0,1.426494574614739,0.0,0.0,68.0,0.0,0.0,45300.0,0.0,0.0,75.0,0.0,0.0,0.029557367501456024,0.0,0.0,143.0,0.0,0.0,5518.0,0.0,0.0,6350.0,0.0,0.0,184.0,0.0,0.0,185.0,0.0,0.0,0.0,0.0,nan,289.0,0.0,0.0,8599.961988127021,0.0,0.0,4.0,0.0,0.0,3.0,0.0,0.0,15740.0,0.0,0.0,33.0,0.0,0.0,4.0,0.0,0.0,5.0,0.0,0.0,57838.000000000095,0.0,0.0,15.0,0.0,0.0,5.0,0.0,0.0,5.0,0.0,0.0,35800.0,0.0,0.0,6.0,0.0,0.0,3.0,0.0,0.0,3.0,0.0,0.0,24000.0,0.0,0.0,4.0,0.0,0.0,125.0,0.0,0.0,1.0,0.0,0.0,15600.0,0.0,0.0
1910.0,12304.356164383562,0.0,0.0,10568.932447443609,0.0,0.0,0.85895859208275,0.0,0.0,86.0,0.0,0.0,54100.0,0.0,0.0,78.0,0.0,0.0,0.02643633540372671,0.0,0.0,164.0,0.0,0.0,4760.0,0.0,0.0,5230.0,0.0,0.0,166.0,0.0,0.0,218.0,0.0,0.0,0.0,0.0,nan,325.0,0.0,0.0,35099.86005026136,0.0,0.0,326.0,0.0,0.0,4.0,0.0,0.0,8030.0,0.0,0.0,17.0,0.0,0.0,1.0,0.0,0.0,2.0,0.0,0.0,57838.000000000095,0.0,0.0,52.5,0.0,0.0,2.5,0.0,0.0,4.0,0.0,0.0,35800.0,0.0,0.0,16.0,0.0,0.0,3.5,0.0,0.0,6.0,0.0,0.0,24000.0,0.0,0.0,14.0,0.0,0.0,7.0,0.0,0.0,5.0,0.0,0.0,15600.0,0.0,0.0
1911.0,13694.712328767124,0.0,0.0,12808.754571946822,0.0,0.0,0.9353065814344079,0.0,0.0,120.0,0.0,0.0,20500.0,0.0,0.0,79.0,0.0,0.0,0.022388059701492536,0.0,0.0,199.0,0.0,0.0,5110.0,0.0,0.0,5470.0,0.0,0.0,nan,nan,nan,182.0,0.0,0.0,0.0,0.0,nan,329.0,0.0,0.0,16199.913025255231,0.0,0.0,16.0,0.0,0.0,4.0,0.0,0.0,7662.0,0.0,0.0,48.0,0.0,0.0,2.0,0.0,0.0,2.0,0.0,0.0,57838.000000000095,0.0,0.0,53.0,0.0,0.0,2.0,0.0,0.0,6.0,0.0,0.0,35800.0,0.0,0.0,46.0,0.0,0.0,7.5,0.0,0.0,4.0,0.0,0.0,24000.0,0.0,0.0,20.0,0.0,0.0,4.0,0.0,0.0,7.0,0.0,0.0,15600.0,0.0,0.0
1912.0,8768.77049180328,0.0,0.0,5526.751372076254,0.0,0.0,0.6302766593380971,0.0,0.0,152.0,0.0,0.0,24000.0,0.0,0.0,59.0,0.0,0.0,0.04099789250481621,0.0,0.0,211.0,0.0,0.0,4650.0,0.0,0.0,4880.0,0.0,0.0,100.0,0.0,0.0,101.0,0.0,0.0,0.0,0.0,nan,nan,nan,nan,nan,nan,nan,15.0,0.0,0.0,nan,nan,nan,5840.0,0.0,0.0,nan,nan,nan,nan,nan,nan,0.0,0.0,nan,57838.000000000095,0.0,0.0,26.0,0.0,0.0,1.0,0.0,0.0,1.0,0.0,0.0,35800.0,0.0,0.0,73.0,0.0,0.0,1.0,0.0,0.0,7.0,0.0,0.0,24000.0,0.0,0.0,72.0,0.0,0.0,4.0,0.0,0.0,7.0,0.0,0.0,15600.0,0.0,0.0
1913.0,9439.232876712327,0.0,0.0,6476.141542194361,0.0,0.0,0.6860876966148113,0.0,0.0,135.0,0.0,0.0,15500.0,0.0,0.0,65.0,0.0,0.0,0.0391156462585034,0.0,0.0,200.0,0.0,0.0,4390.0,0.0,0.0,4790.0,0.0,0.0,112.0,0.0,0.0,157.0,0.0,0.0,0.0,0.0,nan,311.0,0.0,0.0,31299.453938927047,0.0,0.0,312.0,0.0,0.0,4.0,0.0,0.0,6120.0,0.0,0.0,19.0,0.0,0.0,1.0,0.0,0.0,1.0,0.0,0.0,57838.000000000095,0.0,0.0,17.0,0.0,0.0,2.0,0.0,0.0,2.0,0.0,0.0,35800.0,0.0,0.0,55.5,0.0,0.0,2.0,0.0,0.0,4.0,0.0,0.0,24000.0,0.0,0.0,53.5,0.0,0.0,2.5,0.0,0.0,8.0,0.0,0.0,15600.0,0.0,0.0
1914.0,18597.561643835616,0.0,0.0,23044.322970695117,0.0,0.0,1.2391045348858103,0.0,0.0,99.0,0.0,0.0,47500.0,0.0,0.0,100.0,0.0,0.0,0.04515682992504184,0.0,0.0,199.0,0.0,0.0,5210.0,0.0,0.0,5650.0,0.0,0.0,95.0,0.0,0.0,180.0,0.0,0.0,0.0,0.0,nan,310.0,0.0,0.0,7159.9876054912875,0.0,0.0,355.0,0.0,0.0,3.0,0.0,0.0,8300.0,0.0,0.0,17.0,0.0,0.0,5.0,0.0,0.0,5.0,0.0,0.0,57838.000000000095,0.0,0.0,54.5,0.0,0.0,5.0,0.0,0.0,6.0,0.0,0.0,35800.0,0.0,0.0,12.0,0.0,0.0,12.0,0.0,0.0,7.0,0.0,0.0,24000.0,0.0,0.0,59.5,0.0,0.0,1.5,0.0,0.0,10.0,0.0,0.0,15600.0,0.0,0.0
1915.0,16993.287671232876,0.0,0.0,19806.049515498944,0.0,0.0,1.1655219342298109,0.0,0.0,142.0,0.0,0.0,38500.0,0.0,0.0,60.0,0.0,0.0,0.03569343453107585,0.0,0.0,202.0,0.0,0.0,5110.0,0.0,0.0,5230.0,0.0,0.0,137.0,0.0,0.0,142.0,0.0,0.0,0.0,0.0,nan,293.0,0.0,0.0,8599.988240916695,0.0,0.0,13.0,0.0,0.0,6.0,0.0,0.0,8300.0,0.0,0.0,68.0,0.0,0.0,2.0,0.0,0.0,6.0,0.0,0.0,57838.000000000095,0.0,0.0,48.0,0.0,0.0,4.0,0.0,0.0,9.0,0.0,0.0,35800.0,0.0,0.0,47.0,0.0,0.0,13.0,0.0,0.0,7.0,0.0,0.0,24000.0,0.0,0.0,71.5,0.0,0.0,16.0,0.0,0.0,4.0,0.0,0.0,15600.0,0.0,0.0
1916.0,14431.639344262296,0.0,0.0,13912.526161621272,0.0,0.0,0.9640295069563658,0.0,0.0,85.0,0.0,0.0,49200.0,0.0,0.0,89.0,0.0,0.0,0.034883720930232565,0.0,0.0,174.0,0.0,0.0,5000.0,0.0,0.0,5650.0,0.0,0.0,165.0,0.0,0.0,232.0,0.0,0.0,0.0,0.0,nan,338.0,0.0,0.0,30799.900080483432,0.0,0.0,343.0,0.0,0.0,3.0,0.0,0.0,8755.0,0.0,0.0,37.0,0.0,0.0,3.0,0.0,0.0,5.0,0.0,0.0,57838.000000000095,0.0,0.0,36.0,0.0,0.0,3.0,0.0,0.0,7.0,0.0,0.0,35800.0,0.0,0.0,26.5,0.0,0.0,4.0,0.0,0.0,8.0,0.0,0.0,24000.0,0.0,0.0,3.0,0.0,0.0,4.0,0.0,0.0,7.0,0.0,0.0,15600.0,0.0,0.0
1917.0,9550.0,0.0,0.0,11588.390884314838,0.0,0.0,1.2134440716560042,0.0,0.0,119.0,0.0,0.0,28000.0,0.0,0.0,73.0,0.0,0.0,0.038503211904374696,0.0,0.0,192.0,0.0,0.0,4200.0,0.0,0.0,4650.0,0.0,0.0,145.0,0.0,0.0,210.0,0.0,0.0,0.0,0.0,nan,339.0,0.0,0.0,27199.85778585305,0.0,0.0,41.0,0.0,0.0,3.0,0.0,0.0,6090.0,0.0,0.0,57.0,0.0,0.0,2.0,0.0,0.0,1.0,0.0,0.0,57838.000000000095,0.0,0.0,56.0,0.0,0.0,4.0,0.0,0.0,1.0,0.0,0.0,35800.0,0.0,0.0,85.0,0.0,0.0,5.0,0.0,0.0,4.0,0.0,0.0,24000.0,0.0,0.0,72.0,0.0,0.0,5.0,0.0,0.0,6.0,0.0,0.0,15600.0,0.0,0.0
1918.0,7075.260273972603,0.0,0.0,5251.336555315129,0.0,0.0,0.7422110780338289,0.0,0.0,104.0,0.0,0.0,22300.0,0.0,0.0,82.0,0.0,0.0,0.03924418604651163,0.0,0.0,186.0,0.0,0.0,3690.0,0.0,0.0,4700.0,0.0,0.0,90.0,0.0,0.0,197.0,0.0,0.0,0.0,0.0,nan,335.0,0.0,0.0,15099.940891464023,0.0,0.0,35.0,0.0,0.0,3.0,0.0,0.0,4490.0,0.0,0.0,nan,nan,nan,nan,nan,nan,0.0,0.0,nan,57838.000000000095,0.0,0.0,78.0,0.0,0.0,1.0,0.0,0.0,1.0,0.0,0.0,35800.0,0.0,0.0,77.0,0.0,0.0,3.0,0.0,0.0,3.0,0.0,0.0,24000.0,0.0,0.0,66.0,0.0,0.0,2.5,0.0,0.0,6.0,0.0,0.0,15600.0,0.0,0.0
1919.0,10375.479452054797,0.0,0.0,11312.43607608923,0.0,0.0,1.0903048990038604,0.0,0.0,77.0,0.0,0.0,29900.0,0.0,0.0,85.0,0.0,0.0,0.044263145296417464,0.0,0.0,162.0,0.0,0.0,4010.0,0.0,0.0,4390.0,0.0,0.0,184.0,0.0,0.0,270.0,0.0,0.0,0.0,0.0,nan,275.0,0.0,0.0,23599.873302338277,0.0,0.0,17.0,0.0,0.0,1.0,0.0,0.0,7430.0,0.0,0.0,40.0,0.0,0.0,3.0,0.0,0.0,1.0,0.0,0.0,57838.000000000095,0.0,0.0,40.0,0.0,0.0,2.0,0.0,0.0,3.0,0.0,0.0,35800.0,0.0,0.0,61.0,0.0,0.0,3.0,0.0,0.0,7.0,0.0,0.0,24000.0,0.0,0.0,55.0,0.0,0.0,10.5,0.0,0.0,6.0,0.0,0.0,15600.0,0.0,0.0
1920.0,5356.775956284153,0.0,0.0,3021.7958669109044,0.0,0.0,0.5641071964874634,0.0,0.0,111.0,0.0,0.0,28500.0,0.0,0.0,48.0,0.0,0.0,0.03702616058537063,0.0,0.0,159.0,0.0,0.0,3400.0,0.0,0.0,3580.0,0.0,0.0,nan,nan,nan,160.0,0.0,0.0,0.0,0.0,nan,345.0,0.0,0.0,17799.336335334352,0.0,0.0,66.0,0.0,0.0,3.0,0.0,0.0,4710.0,0.0,0.0,nan,nan,nan,nan,nan,nan,0.0,0.0,nan,57838.000000000095,0.0,0.0,nan,nan,nan,nan,nan,nan,0.0,0.0,nan,35800.0,0.0,0.0,106.0,0.0,0.0,2.0,0.0,0.0,1.0,0.0,0.0,24000.0,0.0,0.0,94.0,0.0,0.0,1.5,0.0,0.0,4.0,0.0,0.0,15600.0,0.0,0.0
1921.0,15377.424657534246,0.0,0.0,14315.129287515923,0.0,0.0,0.9309185124507928,0.0,0.0,70.0,0.0,0.0,32700.0,0.0,0.0,131.0,0.0,0.0,0.03632781882961249,0.0,0.0,201.0,0.0,0.0,4010.0,0.0,0.0,4300.0,0.0,0.0,137.0,0.0,0.0,156.0,0.0,0.0,0.0,0.0,nan,nan,nan,nan,nan,nan,nan,319.0,0.0,0.0,nan,nan,nan,6120.0,0.0,0.0,25.0,0.0,0.0,1.5,0.0,0.0,4.0,0.0,0.0,57838.000000000095,0.0,0.0,7.0,0.0,0.0,2.0,0.0,0.0,9.0,0.0,0.0,35800.0,0.0,0.0,15.5,0.0,0.0,4.5,0.0,0.0,16.0,0.0,0.0,24000.0,0.0,0.0,3.0,0.0,0.0,9.5,0.0,0.0,8.0,0.0,0.0,15600.0,0.0,0.0
1922.0,8734.191780821919,0.0,0.0,6600.704754107045,0.0,0.0,0.7557316028485346,0.0,0.0,119.0,0.0,0.0,17800.0,0.0,0.0,84.0,0.0,0.0,0.034838044527967016,0.0,0.0,203.0,0.0,0.0,3740.0,0.0,0.0,4010.0,0.0,0.0,75.0,0.0,0.0,137.0,0.0,0.0,0.0,0.0,nan,336.0,0.0,0.0,6889.9515643489,0.0,0.0,355.0,0.0,0.0,2.0,0.0,0.0,5000.0,0.0,0.0,nan,nan,nan,nan,nan,nan,0.0,0.0,nan,57838.000000000095,0.0,0.0,53.0,0.0,0.0,1.5,0.0,0.0,2.0,0.0,0.0,35800.0,0.0,0.0,69.5,0.0,0.0,3.5,0.0,0.0,4.0,0.0,0.0,24000.0,0.0,0.0,48.0,0.0,0.0,3.0,0.0,0.0,7.0,0.0,0.0,15600.0,0.0,0.0
1923.0,6913.178082191781,0.0,0.0,4402.184922464571,0.0,0.0,0.636781646606865,0.0,0.0,104.0,0.0,0.0,21000.0,0.0,0.0,62.0,0.0,0.0,0.0391656662665066,0.0,0.0,166.0,0.0,0.0,3418.0000000000005,0.0,0.0,4100.0,0.0,0.0,nan,nan,nan,223.0,0.0,0.0,0.0,0.0,nan,277.0,0.0,0.0,6629.961667583568,0.0,0.0,339.0,0.0,0.0,3.0,0.0,0.0,5880.0,0.0,0.0,nan,nan,nan,nan,nan,nan,0.0,0.0,nan,57838.000000000095,0.0,0.0,362.0,0.0,0.0,1.0,0.0,0.0,1.0,0.0,0.0,35800.0,0.0,0.0,365.0,0.0,0.0,1.0,0.0,0.0,3.0,0.0,0.0,24000.0,0.0,0.0,10.0,0.0,0.0,2.0,0.0,0.0,6.0,0.0,0.0,15600.0,0.0,0.0
1924.0,4095.765027322405,0.0,0.0,2768.4868604890307,0.0,0.0,0.6759388885887629,0.0,0.0,43.0,0.0,0.0,47300.0,0.0,0.0,37.0,0.0,0.0,0.022360347256942862,0.0,0.0,80.0,0.0,0.0,2900.0,0.0,0.0,3320.0,0.0,0.0,223.0,0.0,0.0,311.0,0.0,0.0,0.0,0.0,nan,nan,nan,nan,nan,nan,nan,23.0,0.0,0.0,nan,nan,nan,4300.0,0.0,0.0,nan,nan,nan,nan,nan,nan,0.0,0.0,nan,57838.000000000095,0.0,0.0,39.0,0.0,0.0,1.0,0.0,0.0,1.0,0.0,0.0,35800.0,0.0,0.0,39.0,0.0,0.0,1.0,0.0,0.0,1.0,0.0,0.0,24000.0,0.0,0.0,38.0,0.0,0.0,3.0,0.0,0.0,1.0,0.0,0.0,15600.0,0.0,0.0
1925.0,10688.246575342466,0.0,0.0,13238.838160111014,0.0,0.0,1.2386351743280983,0.0,0.0,59.0,0.0,0.0,70200.0,0.0,0.0,130.0,0.0,0.0,0.04756136950904392,0.0,0.0,189.0,0.0,0.0,3490.0,0.0,0.0,4010.0,0.0,0.0,149.0,0.0,0.0,202.0,0.0,0.0,0.0,0.0,nan,303.0,0.0,0.0,10199.924812629057,0.0,0.0,26.0,0.0,0.0,3.0,0.0,0.0,5064.0,0.0,0.0,47.5,0.0,0.0,1.5,0.0,0.0,4.0,0.0,0.0,57838.000000000095,0.0,0.0,69.0,0.0,0.0,4.0,0.0,0.0,4.0,0.0,0.0,35800.0,0.0,0.0,97.0,0.0,0.0,2.5,0.0,0.0,6.0,0.0,0.0,24000.0,0.0,0.0,32.0,0.0,0.0,2.0,0.0,0.0,5.0,0.0,0.0,15600.0,0.0,0.0
1926.0,7389.835616438356,0.0,0.0,8867.641281129174,0.0,0.0,1.1999781512600234,0.0,0.0,51.0,0.0,0.0,38000.0,0.0,0.0,113.0,0.0,0.0,0.0361972891566265,0.0,0.0,164.0,0.0,0.0,3060.0,0.0,0.0,3240.0,0.0,0.0,120.0,0.0,0.0,164.0,0.0,0.0,0.0,0.0,nan,336.0,0.0,0.0,15499.861508761322,0.0,0.0,24.0,0.0,0.0,7.0,0.0,0.0,4435.0,0.0,0.0,35.0,0.0,0.0,2.0,0.0,0.0,1.0,0.0,0.0,57838.000000000095,0.0,0.0,66.0,0.0,0.0,2.0,0.0,0.0,4.0,0.0,0.0,35800.0,0.0,0.0,42.5,0.0,0.0,2.0,0.0,0.0,6.0,0.0,0.0,24000.0,0.0,0.0,63.5,0.0,0.0,16.0,0.0,0.0,2.0,0.0,0.0,15600.0,0.0,0.0
1927.0,14659.013698630137,0.0,0.0,16804.543958624603,0.0,0.0,1.1463625250718579,0.0,0.0,139.0,0.0,0.0,12900.0,0.0,0.0,40.0,0.0,0.0,0.03902684967792427,0.0,0.0,179.0,0.0,0.0,3660.0,0.0,0.0,4010.0,0.0,0.0,136.0,0.0,0.0,176.0,0.0,0.0,0.0,0.0,nan,283.0,0.0,0.0,5649.984877710283,0.0,0.0,327.0,0.0,0.0,3.0,0.0,0.0,7160.0,0.0,0.0,63.5,0.0,0.0,3.5,0.0,0.0,4.0,0.0,0.0,57838.000000000095,0.0,0.0,34.0,0.0,0.0,5.0,0.0,0.0,5.0,0.0,0.0,35800.0,0.0,0.0,37.0,0.0,0.0,6.5,0.0,0.0,8.0,0.0,0.0,24000.0,0.0,0.0,15.0,0.0,0.0,9.0,0.0,0.0,7.0,0.0,0.0,15600.0,0.0,0.0
1928.0,10097.704918032789,0.0,0.0,11848.485097436862,0.0,0.0,1.1733839712702914,0.0,0.0,94.0,0.0,0.0,43700.0,0.0,0.0,66.0,0.0,0.0,0.05263157894736842,0.0,0.0,160.0,0.0,0.0,3490.0,0.0,0.0,3830.0,0.0,0.0,159.0,0.0,0.0,161.0,0.0,0.0,0.0,0.0,nan,314.0,0.0,0.0,33699.706181014684,0.0,0.0,354.0,0.0,0.0,5.0,0.0,0.0,6630.0,0.0,0.0,60.5,0.0,0.0,2.0,0.0,0.0,2.0,0.0,0.0,57838.000000000095,0.0,0.0,84.0,0.0,0.0,3.0,0.0,0.0,3.0,0.0,0.0,35800.0,0.0,0.0,30.0,0.0,0.0,2.0,0.0,0.0,5.0,0.0,0.0,24000.0,0.0,0.0,14.0,0.0,0.0,2.5,0.0,0.0,10.0,0.0,0.0,15600.0,0.0,0.0
1929.0,5696.876712328767,0.0,0.0,4202.858922422503,0.0,0.0,0.7377479160338825,0.0,0.0,120.0,0.0,0.0,11900.0,0.0,0.0,74.0,0.0,0.0,0.0391156462585034,0.0,0.0,194.0,0.0,0.0,3060.0,0.0,0.0,3240.0,0.0,0.0,nan,nan,nan,148.0,0.0,0.0,0.0,0.0,nan,319.0,0.0,0.0,15899.874394349663,0.0,0.0,321.0,0.0,0.0,4.0,0.0,0.0,4390.0,0.0,0.0,nan,nan,nan,nan,nan,nan,0.0,0.0,nan,57838.000000000095,0.0,0.0,36.0,0.0,0.0,1.0,0.0,0.0,1.0,0.0,0.0,35800.0,0.0,0.0,34.0,0.0,0.0,4.0,0.0,0.0,1.0,0.0,0.0,24000.0,0.0,0.0,73.5,0.0,0.0,1.0,0.0,0.0,4.0,0.0,0.0,15600.0,0.0,0.0
1930.0,8030.986301369863,0.0,0.0,8588.546473883629,0.0,0.0,1.0694261142518275,0.0,0.0,109.0,0.0,0.0,13300.0,0.0,0.0,68.0,0.0,0.0,0.02295918367346939,0.0,0.0,177.0,0.0,0.0,3060.0,0.0,0.0,3440.0,0.0,0.0,144.0,0.0,0.0,187.0,0.0,0.0,0.0,0.0,nan,nan,nan,nan,nan,nan,nan,340.0,0.0,0.0,nan,nan,nan,4400.0,0.0,0.0,349.0,0.0,0.0,2.0,0.0,0.0,1.0,0.0,0.0,57838.000000000095,0.0,0.0,53.0,0.0,0.0,2.0,0.0,0.0,3.0,0.0,0.0,35800.0,0.0,0.0,53.0,0.0,0.0,2.0,0.0,0.0,5.0,0.0,0.0,24000.0,0.0,0.0,51.0,0.0,0.0,9.0,0.0,0.0,5.0,0.0,0.0,15600.0,0.0,0.0
1931.0,4253.643835616438,0.0,0.0,2683.297834830716,0.0,0.0,0.630823345472189,0.0,0.0,82.0,0.0,0.0,13200.0,0.0,0.0,115.0,0.0,0.0,0.0267175572519084,0.0,0.0,197.0,0.0,0.0,2480.0,0.0,0.0,2620.0,0.0,0.0,100.0,0.0,0.0,152.0,0.0,0.0,0.0,0.0,nan,320.0,0.0,0.0,5639.966588301612,0.0,0.0,363.0,0.0,0.0,5.0,0.0,0.0,2860.0,0.0,0.0,nan,nan,nan,nan,nan,nan,0.0,0.0,nan,57838.000000000095,0.0,0.0,nan,nan,nan,nan,nan,nan,0.0,0.0,nan,35800.0,0.0,0.0,36.5,0.0,0.0,1.0,0.0,0.0,2.0,0.0,0.0,24000.0,0.0,0.0,36.5,0.0,0.0,1.5,0.0,0.0,2.0,0.0,0.0,15600.0,0.0,0.0
1932.0,6645.4098360655735,0.0,0.0,6529.7348644750045,0.0,0.0,0.982593252418717,0.0,0.0,130.0,0.0,0.0,12100.0,0.0,0.0,62.0,0.0,0.0,0.034739454094292806,0.0,0.0,192.0,0.0,0.0,2700.0,0.0,0.0,2940.0,0.0,0.0,143.0,0.0,0.0,198.0,0.0,0.0,0.0,0.0,nan,296.0,0.0,0.0,4759.990853908514,0.0,0.0,348.0,0.0,0.0,4.0,0.0,0.0,3772.0,0.0,0.0,361.0,0.0,0.0,1.0,0.0,0.0,1.0,0.0,0.0,57838.000000000095,0.0,0.0,359.5,0.0,0.0,1.5,0.0,0.0,2.0,0.0,0.0,35800.0,0.0,0.0,38.0,0.0,0.0,1.5,0.0,0.0,4.0,0.0,0.0,24000.0,0.0,0.0,19.0,0.0,0.0,5.0,0.0,0.0,3.0,0.0,0.0,15600.0,0.0,0.0
1933.0,6267.232876712329,0.0,0.0,6883.226964071368,0.0,0.0,1.0982880482466093,0.0,0.0,127.0,0.0,0.0,10500.0,0.0,0.0,82.0,0.0,0.0,0.03357314148681055,0.0,0.0,209.0,0.0,0.0,2700.0,0.0,0.0,2780.0,0.0,0.0,97.0,0.0,0.0,140.0,0.0,0.0,0.0,0.0,nan,335.0,0.0,0.0,6979.984714366752,0.0,0.0,25.0,0.0,0.0,4.0,0.0,0.0,3440.0,0.0,0.0,263.0,0.0,0.0,1.0,0.0,0.0,1.0,0.0,0.0,57838.000000000095,0.0,0.0,88.0,0.0,0.0,1.0,0.0,0.0,3.0,0.0,0.0,35800.0,0.0,0.0,169.5,0.0,0.0,1.5,0.0,0.0,4.0,0.0,0.0,24000.0,0.0,0.0,73.0,0.0,0.0,1.0,0.0,0.0,7.0,0.0,0.0,15600.0,0.0,0.0
1934.0,6042.986301369863,0.0,0.0,6273.0469415842235,0.0,0.0,1.0380706870313787,0.0,0.0,92.0,0.0,0.0,23600.0,0.0,0.0,89.0,0.0,0.0,0.03722583231000137,0.0,0.0,181.0,0.0,0.0,2550.0,0.0,0.0,2820.0,0.0,0.0,115.0,0.0,0.0,184.0,0.0,0.0,0.0,0.0,nan,304.0,0.0,0.0,6979.98507589207,0.0,0.0,347.0,0.0,0.0,6.0,0.0,0.0,3772.0,0.0,0.0,nan,nan,nan,nan,nan,nan,0.0,0.0,nan,57838.000000000095,0.0,0.0,365.0,0.0,0.0,1.5,0.0,0.0,2.0,0.0,0.0,35800.0,0.0,0.0,51.0,0.0,0.0,1.0,0.0,0.0,3.0,0.0,0.0,24000.0,0.0,0.0,50.5,0.0,0.0,2.0,0.0,0.0,8.0,0.0,0.0,15600.0,0.0,0.0
1935.0,9895.780821917808,0.0,0.0,10098.518011775428,0.0,0.0,1.0204872352678411,0.0,0.0,110.0,0.0,0.0,49900.0,0.0,0.0,73.0,0.0,0.0,0.039523818374440085,0.0,0.0,183.0,0.0,0.0,2860.0,0.0,0.0,3440.0,0.0,0.0,164.0,0.0,0.0,184.0,0.0,0.0,0.0,0.0,nan,295.0,0.0,0.0,4069.991969534051,0.0,0.0,364.0,0.0,0.0,2.0,0.0,0.0,5706.0,0.0,0.0,98.0,0.0,0.0,2.0,0.0,0.0,1.0,0.0,0.0,57838.000000000095,0.0,0.0,82.5,0.0,0.0,2.0,0.0,0.0,4.0,0.0,0.0,35800.0,0.0,0.0,36.5,0.0,0.0,1.0,0.0,0.0,8.0,0.0,0.0,24000.0,0.0,0.0,38.0,0.0,0.0,4.0,0.0,0.0,9.0,0.0,0.0,15600.0,0.0,0.0
1936.0,9182.459016393444,0.0,0.0,13490.663639296929,0.0,0.0,1.4691776587526333,0.0,0.0,99.0,0.0,0.0,28300.0,0.0,0.0,106.0,0.0,0.0,0.03754266211604096,0.0,0.0,205.0,0.0,0.0,2940.0,0.0,0.0,3180.0,0.0,0.0,nan,nan,nan,196.0,0.0,0.0,0.0,0.0,nan,346.0,0.0,0.0,7779.942119849113,0.0,0.0,1.0,0.0,0.0,2.0,0.0,0.0,4260.0,0.0,0.0,33.5,0.0,0.0,2.5,0.0,0.0,2.0,0.0,0.0,57838.000000000095,0.0,0.0,14.0,0.0,0.0,4.0,0.0,0.0,3.0,0.0,0.0,35800.0,0.0,0.0,47.0,0.0,0.0,10.0,0.0,0.0,3.0,0.0,0.0,24000.0,0.0,0.0,44.0,0.0,0.0,12.0,0.0,0.0,3.0,0.0,0.0,15600.0,0.0,0.0
1937.0,7981.123287671233,0.0,0.0,8278.303915931463,0.0,0.0,1.0372354388660174,0.0,0.0,110.0,0.0,0.0,39000.0,0.0,0.0,95.0,0.0,0.0,0.0416597853014038,0.0,0.0,205.0,0.0,0.0,2860.0,0.0,0.0,3180.0,0.0,0.0,72.0,0.0,0.0,119.0,0.0,0.0,0.0,0.0,nan,nan,nan,nan,nan,nan,nan,36.0,0.0,0.0,nan,nan,nan,4240.0,0.0,0.0,73.0,0.0,0.0,1.0,0.0,0.0,1.0,0.0,0.0,57838.000000000095,0.0,0.0,72.0,0.0,0.0,2.0,0.0,0.0,5.0,0.0,0.0,35800.0,0.0,0.0,76.0,0.0,0.0,3.0,0.0,0.0,6.0,0.0,0.0,24000.0,0.0,0.0,70.0,0.0,0.0,2.0,0.0,0.0,7.0,0.0,0.0,15600.0,0.0,0.0
1938.0,19883.232876712333,0.0,0.0,23468.148229660776,0.0,0.0,1.1802984140042527,0.0,0.0,114.0,0.0,0.0,32000.0,0.0,0.0,91.0,0.0,0.0,0.035952063914780286,0.0,0.0,205.0,0.0,0.0,3980.0,0.0,0.0,4520.0,0.0,0.0,101.0,0.0,0.0,127.0,0.0,0.0,0.0,0.0,nan,275.0,0.0,0.0,7509.976656048984,0.0,0.0,322.0,0.0,0.0,8.0,0.0,0.0,6980.0,0.0,0.0,56.0,0.0,0.0,2.5,0.0,0.0,8.0,0.0,0.0,57838.000000000095,0.0,0.0,17.0,0.0,0.0,2.0,0.0,0.0,9.0,0.0,0.0,35800.0,0.0,0.0,32.0,0.0,0.0,6.0,0.0,0.0,9.0,0.0,0.0,24000.0,0.0,0.0,17.0,0.0,0.0,12.0,0.0,0.0,5.0,0.0,0.0,15600.0,0.0,0.0
1939.0,5676.109589041096,0.0,0.0,3531.4425146907865,0.0,0.0,0.622158973376583,0.0,0.0,81.0,0.0,0.0,13900.0,0.0,0.0,117.0,0.0,0.0,0.025659940254831436,0.0,0.0,198.0,0.0,0.0,2920.0,0.0,0.0,3260.0,0.0,0.0,148.0,0.0,0.0,166.0,0.0,0.0,0.0,0.0,nan,305.0,0.0,0.0,9579.973948132512,0.0,0.0,331.0,0.0,0.0,6.0,0.0,0.0,3441.0,0.0,0.0,nan,nan,nan,nan,nan,nan,0.0,0.0,nan,57838.000000000095,0.0,0.0,72.0,0.0,0.0,1.0,0.0,0.0,1.0,0.0,0.0,35800.0,0.0,0.0,22.0,0.0,0.0,1.5,0.0,0.0,2.0,0.0,0.0,24000.0,0.0,0.0,22.0,0.0,0.0,2.5,0.0,0.0,2.0,0.0,0.0,15600.0,0.0,0.0
1940.0,14126.55737704918,0.0,0.0,23950.02486179477,0.0,0.0,1.6953900531140984,0.0,0.0,96.0,0.0,0.0,75600.0,0.0,0.0,51.0,0.0,0.0,0.04169076751946607,0.0,0.0,147.0,0.0,0.0,3460.0,0.0,0.0,3995.0,0.0,0.0,152.0,0.0,0.0,204.0,0.0,0.0,0.0,0.0,nan,345.0,0.0,0.0,29399.87076504929,0.0,0.0,363.0,0.0,0.0,4.0,0.0,0.0,8320.0,0.0,0.0,58.0,0.0,0.0,2.0,0.0,0.0,4.0,0.0,0.0,57838.000000000095,0.0,0.0,46.0,0.0,0.0,3.0,0.0,0.0,8.0,0.0,0.0,35800.0,0.0,0.0,34.0,0.0,0.0,5.0,0.0,0.0,9.0,0.0,0.0,24000.0,0.0,0.0,25.0,0.0,0.0,14.0,0.0,0.0,5.0,0.0,0.0,15600.0,0.0,0.0
1941.0,19279.178082191786,0.0,0.0,22978.227214034454,0.0,0.0,1.1918675742333378,0.0,0.0,131.0,0.0,0.0,23900.0,0.0,0.0,71.0,0.0,0.0,0.025,0.0,0.0,202.0,0.0,0.0,4286.0,0.0,0.0,4720.0,0.0,0.0,137.0,0.0,0.0,144.0,0.0,0.0,0.0,0.0,nan,299.0,0.0,0.0,7929.974500676376,0.0,0.0,351.0,0.0,0.0,4.0,0.0,0.0,7810.0,0.0,0.0,66.0,0.0,0.0,4.0,0.0,0.0,8.0,0.0,0.0,57838.000000000095,0.0,0.0,40.0,0.0,0.0,3.0,0.0,0.0,11.0,0.0,0.0,35800.0,0.0,0.0,15.0,0.0,0.0,17.0,0.0,0.0,5.0,0.0,0.0,24000.0,0.0,0.0,5.0,0.0,0.0,51.0,0.0,0.0,3.0,0.0,0.0,15600.0,0.0,0.0
1942.0,15130.0,0.0,0.0,19365.765627936442,0.0,0.0,1.2799580719059114,0.0,0.0,41.0,0.0,0.0,181000.0,0.0,0.0,153.0,0.0,0.0,0.04145189003436426,0.0,0.0,194.0,0.0,0.0,4140.0,0.0,0.0,4680.0,0.0,0.0,129.0,0.0,0.0,164.0,0.0,0.0,0.0,0.0,nan,337.0,0.0,0.0,42999.667841233015,0.0,0.0,344.0,0.0,0.0,2.0,0.0,0.0,7724.0,0.0,0.0,24.0,0.0,0.0,5.0,0.0,0.0,3.0,0.0,0.0,57838.000000000095,0.0,0.0,46.0,0.0,0.0,4.0,0.0,0.0,4.0,0.0,0.0,35800.0,0.0,0.0,23.0,0.0,0.0,3.0,0.0,0.0,7.0,0.0,0.0,24000.0,0.0,0.0,23.0,0.0,0.0,6.0,0.0,0.0,7.0,0.0,0.0,15600.0,0.0,0.0
1943.0,11232.794520547945,0.0,0.0,11626.188877146855,0.0,0.0,1.0350219489797736,0.0,0.0,100.0,0.0,0.0,21800.0,0.0,0.0,90.0,0.0,0.0,0.031767955801104975,0.0,0.0,190.0,0.0,0.0,3824.0,0.0,0.0,4380.0,0.0,0.0,133.0,0.0,0.0,168.0,0.0,0.0,0.0,0.0,nan,322.0,0.0,0.0,11799.993080637625,0.0,0.0,357.0,0.0,0.0,9.0,0.0,0.0,6367.0,0.0,0.0,25.5,0.0,0.0,2.0,0.0,0.0,2.0,0.0,0.0,57838.000000000095,0.0,0.0,48.5,0.0,0.0,2.5,0.0,0.0,4.0,0.0,0.0,35800.0,0.0,0.0,43.5,0.0,0.0,7.0,0.0,0.0,4.0,0.0,0.0,24000.0,0.0,0.0,43.0,0.0,0.0,6.5,0.0,0.0,8.0,0.0,0.0,15600.0,0.0,0.0
